INSERT INTO `db_to_watch`.`users` (`id`,`email`,`first_name`,`last_name`,`login_name`,`password`) VALUES (1,'alexdz16.xd@gmail.com','Alejandro','Diaz Zapata','@devs','$2a$10$/e9Fe3vHFanh.YzZtGU36u3bGN8RNXhwXnezX3qhlafnYQAQ8tqgS');

INSERT INTO `db_to_watch`.`media` (`id`, `type`, `title`, `release_date`, `nationality`, `synopsis`, `duration`, `average_duration`, `sessions_number`, `episodes_number`) VALUES (1, 'Film', 'Django desencadenado', '2013/01/18', 'Estados Unidos', 'En Texas, dos años antes de estallar la Guerra Civil Americana, King Schultz (Christoph Waltz), un cazarrecompensas alemán que sigue la pista a unos asesinos para cobrar por sus cabezas, le promete al esclavo negro Django (Jamie Foxx) dejarlo en libertad si le ayuda a atraparlos. Él acepta, pues luego quiere ir a buscar a su esposa Broomhilda (Kerry Washington), esclava en una plantación del terrateniente Calvin Candie (Leonardo DiCaprio).', 165, 0, 0, 0);
INSERT INTO `db_to_watch`.`media` (`id`, `type`, `title`, `release_date`, `nationality`, `synopsis`, `duration`, `average_duration`, `sessions_number`, `episodes_number`) VALUES (2, 'Film', 'Titanic', '1998/01/08', 'Estados Unidos', 'Jack (DiCaprio), un joven artista, gana en una partida de cartas un pasaje para viajar a América en el Titanic, el transatlántico más grande y seguro jamás construido. A bordo conoce a Rose (Kate Winslet), una joven de una buena familia venida a menos que va a contraer un matrimonio de conveniencia con Cal (Billy Zane), un millonario engreído a quien sólo interesa el prestigioso apellido de su prometida. Jack y Rose se enamoran, pero el prometido y la madre de ella ponen todo tipo de trabas a su relación. Mientras, el gigantesco y lujoso transatlántico se aproxima hacia un inmenso iceberg.', 195, 0, 0, 0);
INSERT INTO `db_to_watch`.`media` (`id`, `type`, `title`, `release_date`, `nationality`, `synopsis`, `duration`, `average_duration`, `sessions_number`, `episodes_number`) VALUES (3, 'Film', 'Avatar', '2009/12/18', 'Estados Unidos', 'Año 2154. Jake Sully (Sam Worthington), un ex-marine condenado a vivir en una silla de ruedas, sigue siendo, a pesar de ello, un auténtico guerrero. Precisamente por ello ha sido designado para ir a Pandora, donde algunas empresas están extrayendo un mineral extraño que podría resolver la crisis energética de la Tierra. Para contrarrestar la toxicidad de la atmósfera de Pandora, se ha creado el programa Avatar, gracias al cual los seres humanos mantienen sus conciencias unidas a un avatar: un cuerpo biológico controlado de forma remota que puede sobrevivir en el aire letal. Esos cuerpos han sido creados con ADN humano, mezclado con ADN de los nativos de Pandora, los Navi. Convertido en avatar, Jake puede caminar otra vez. Su misión consiste en infiltrarse entre los Navi, que se han convertido en el mayor obstáculo para la extracción del mineral. Pero cuando Neytiri, una bella Navi (Zoe Saldana), salva la vida de Jake, todo cambia: Jake, tras superar ciertas pruebas, es admitido en su clan. Mientras tanto, los hombres esperan los resultados de la misión de Jake.', 162, 0, 0, 0);
INSERT INTO `db_to_watch`.`media` (`id`, `type`, `title`, `release_date`, `nationality`, `synopsis`, `duration`, `average_duration`, `sessions_number`, `episodes_number`) VALUES (4, 'Serie', 'La Casa del Dragon', '2022/08/21', 'Estados Unidos', 'Historia ambientada 172 años "antes de Daenerys Targaryen", y en el noveno año del reinado de Viserys Targaryen (Paddy Considine), un rey cuya línea de sucesión está en peligro. Su esposa Aemma (Sian Brooke) está embarazada, aunque no hay garantía de que dé a luz a un heredero varón. Si no lo hace, entonces el Trono de Hierro recaerá, bien sobre el hermano de Viserys, Daemon, un gobernante impulsivo y potencialmente tiránico (Matt Smith); o bien, rompiendo con la tradición de preferencia del varón, en la hija adolescente de Viserys, Rhaenyra (Milly Alcock), cuyo reclamo del trono está destinado a tener una fuerte oposición.', 0, 60, 1, 10);
INSERT INTO `db_to_watch`.`media` (`id`, `type`, `title`, `release_date`, `nationality`, `synopsis`, `duration`, `average_duration`, `sessions_number`, `episodes_number`) VALUES (5, 'Serie', 'Los Anillos de Poder', '2022/09/01', 'Estados Unidos', 'En un periodo de relativa calma, los personajes se enfrentan al resurgimiento del mal en la Tierra Media. Desde las profundidades más oscuras de las Montañas Nubladas hasta los majestuosos bosques de Lindon, el impresionante reino insular de Númenor y los confines más lejanos del mapa, estos reinos y personajes esculpirán legados que perdurarán en el tiempo. Serie de TV basada en los libros de J.R.R. Tolkien, ambientada en la Tierra Media, y que explora nuevas líneas argumentales en una época muy anterior a "La comunidad del anillo".', 0, 65, 1, 8);
INSERT INTO `db_to_watch`.`media` (`id`, `type`, `title`, `release_date`, `nationality`, `synopsis`, `duration`, `average_duration`, `sessions_number`, `episodes_number`) VALUES (6, 'Serie', 'The Last of Us', '2023/01/15', 'Estados Unidos', 'Veinte años después de la destrucción de la civilización moderna a causa de un hongo -el cordyceps- que se adueña del cuerpo de los humanos, uno de los supervivientes, Joel, recibe el encargo de sacar a la joven Ellie de una opresiva zona de cuarentena. Juntos cruzan Estados Unidos ayudándose mutuamente para intentar sobrevivir... Adaptación del aclamado videojuego homónimo de Naughty Dog.', 0, 50, 1, 9);
INSERT INTO `db_to_watch`.`media` (`id`, `type`, `title`, `release_date`, `nationality`, `synopsis`, `duration`, `average_duration`, `sessions_number`, `episodes_number`) VALUES (7, 'Serie', 'The Wire', '2002/06/02', 'Estados Unidos', 'En los barrios bajos de Baltimore, se investiga un asesinato relacionado con el mundo de las drogas. Un policía es el encargado de detener a los miembros de un importante cártel. La corrupción policial, las frágiles lealtades dentro de los cárteles y la miseria vinculada al narcotráfico son algunos de los problemas denunciados en esta serie.', 0, 60, 5, 60);
INSERT INTO `db_to_watch`.`media` (`id`, `type`, `title`, `release_date`, `nationality`, `synopsis`, `duration`, `average_duration`, `sessions_number`, `episodes_number`) VALUES (8, 'Serie', 'Breaking Bad', '2008/01/20', 'Estados Unidos', 'Tras cumplir 50 años, Walter White (Bryan Cranston), un profesor de química de un instituto de Albuquerque, Nuevo México, se entera de que tiene un cáncer de pulmón incurable. Casado con Skyler (Anna Gunn) y con un hijo discapacitado (RJ Mitte), la brutal noticia lo impulsa a dar un drástico cambio a su vida: decide, con la ayuda de un antiguo alumno (Aaron Paul), fabricar anfetaminas y ponerlas a la venta. Lo que pretende es liberar a su familia de problemas económicos cuando se produzca el fatal desenlace.', 0, 45, 5, 62);
INSERT INTO `db_to_watch`.`media` (`id`, `type`, `title`, `release_date`, `nationality`, `synopsis`, `duration`, `average_duration`, `sessions_number`, `episodes_number`) VALUES (9, 'Serie', 'Juego de Tronos', '2011/04/17', 'Estados Unidos', 'La historia se desarrolla en un mundo ficticio de carácter medieval donde hay Siete Reinos. Hay tres líneas argumentales principales: la crónica de la guerra civil dinástica por el control de Poniente entre varias familias nobles que aspiran al Trono de Hierro; la creciente amenaza de "los otros", seres desconocidos que viven al otro lado de un inmenso muro de hielo que protege el Norte de Poniente; y el viaje de Daenerys Targaryen, la hija exiliada del rey que fue asesinado en una guerra civil anterior, y que pretende regresar a Poniente para reclamar sus derechos dinásticos. Tras un largo verano de varios años, el temible invierno se acerca a los Siete Reinos. Lord Eddard Stark, señor de Invernalia, deja sus dominios para ir a la corte de su amigo, el rey Robert Baratheon, en Desembarco del Rey, la capital de los Siete Reinos. Stark se convierte en la Mano del Rey e intenta desentrañar una maraña de intrigas que pondrá en peligro su vida y la de todos los suyos. Mientras tanto, diversas facciones conspiran con un solo objetivo: apoderarse del trono.', 0, 55, 8, 73);
INSERT INTO `db_to_watch`.`media` (`id`, `type`, `title`, `release_date`, `nationality`, `synopsis`, `duration`, `average_duration`, `sessions_number`, `episodes_number`) VALUES (10, 'Serie', 'Los Soprano', '1999/01/10', 'Estados Unidos', 'Crónica de la vida cotidiana y de las aventuras personales y profesionales de una familia mafiosa que vive en Nueva Jersey. Son gentes sencillas, pero implacables en sus ritos y tradiciones. La trama se basa en las confidencias del "capo" Tony Soprano (James Gandolfini) a su psicoanalista, la doctora Melfi (Lorraine Bracco).', 0, 50, 6, 86);
INSERT INTO `db_to_watch`.`media` (`id`, `type`, `title`, `release_date`, `nationality`, `synopsis`, `duration`, `average_duration`, `sessions_number`, `episodes_number`) VALUES (11, 'Serie', 'Rick y Morty', '2013/12/02', 'Estados Unidos', 'Comedia animada que narra las aventuras de un científico loco, Rick Sánchez, que regresa después de 20 años para vivir con su hija, su marido y sus hijos, Morty y Summer.', 0, 22, 6, 61);
INSERT INTO `db_to_watch`.`media` (`id`, `type`, `title`, `release_date`, `nationality`, `synopsis`, `duration`, `average_duration`, `sessions_number`, `episodes_number`) VALUES (12, 'Serie', 'Romanzo criminale', '2008/11/10', 'Italia', 'Adaptación de la popular novela Romanzo criminale. Narra el ascenso y caída de la banda de la Magliana, integrada por un grupo de jóvenes delincuentes que dominaron el narcotráfico en Roma a finales de los 70, llegando a establecer conexiones con la Mafia, la Camorra e incluso los Servicios Secretos Italianos.', 0, 55, 2, 22);
INSERT INTO `db_to_watch`.`media` (`id`, `type`, `title`, `release_date`, `nationality`, `synopsis`, `duration`, `average_duration`, `sessions_number`, `episodes_number`) VALUES (13, 'Serie', 'Arcane', '2021/11/06', 'Estados Unidos', 'Arcane ahonda en el precario equilibrio entre la rica ciudad de Piltover y la sórdida y oprimida Zaun. La tensión entre ambas ciudades-estado se exacerba, por un lado, debido a la creación en Piltover de algo llamado "Hextech", que permite a cualquiera controlar la energía mágica, y, por otro, de una nueva droga en Zaun llamada "Shimmer", que transforma a los humanos en monstruos. La rivalidad entre las dos ciudades divide a las familias y los amigos. Arcane da vida a las relaciones que moldean a algunos de los famosos campeones de ‘League of Legends’, como Vi, Jinx, Caitlyn, Jayce y Viktor.', 0, 40, 1, 9);
INSERT INTO `db_to_watch`.`media` (`id`, `type`, `title`, `release_date`, `nationality`, `synopsis`, `duration`, `average_duration`, `sessions_number`, `episodes_number`) VALUES (14, 'Serie', 'Black Mirror', '2011/12/04', 'Reino Unido', 'Serie antológica creada por Charlie Brooker ("Dead Set") que muestra el lado oscuro de la tecnología y cómo esta afecta y puede alterar nuestra vida, a veces con consecuencias tan impredecibles como aterradoras.', 0, 60, 5, 21);
INSERT INTO `db_to_watch`.`media` (`id`, `type`, `title`, `release_date`, `nationality`, `synopsis`, `duration`, `average_duration`, `sessions_number`, `episodes_number`) VALUES (15, 'Serie', 'Friends', '1994/09/22', 'Estados Unidos', '"Friends" narra las aventuras y desventuras de seis jóvenes de Nueva York. Rachel (Jennifer Aniston), Monica (Courteney Cox), Phoebe (Lisa Kudrow), Ross (David Schwimmer), Chandler (Matthew Perry) y Joey (Matt LeBlanc) forman una unida pandilla de amigos que viven en Manhattan y que suelen reunirse en sus apartamentos o en su bar habitual, el Central Perk. A pesar de los numerosos cambios que se producen en sus vidas, su amistad es inquebrantable en la dura batalla por salir adelante en sus periplos profesionales y personales.', 0, 20, 10, 236);
INSERT INTO `db_to_watch`.`media` (`id`, `type`, `title`, `release_date`, `nationality`, `synopsis`, `duration`, `average_duration`, `sessions_number`, `episodes_number`) VALUES (16, 'Serie', 'Death Note', '2006/10/03', 'Japón', 'Death Note cuenta la historia sobre un joven llamado Yagami Light. Un aburrido día de clase ve caer un cuaderno negro en el patio de su escuela, titulado Death Note. Según las instrucciones escritas en el mismo cuaderno, aquella persona cuyo nombre sea escrito en dicho cuaderno, morirá. En un principio se cree que es una de esas estúpidas cadenas... pero “Kira”, como será reconocido por las masas, prueba el Death Note... y efectivamente, funciona. Light decide usar el cuaderno desde el anonimato, para limpiar el mundo de todos los criminales que merezcan morir, reinando así la paz y la tranquilidad. Todas las fuerzas de protección internacional están en alerta, pero la Interpol tiene un as en la manga: L, un detective de identidad oculta que ha logrado solucionar casos que se daban por irresolubles. ¿Que pasara con Light y ambicioso proyecto? ¿Podrá L desenmascararle?', 0, 25, 1, 37);
INSERT INTO `db_to_watch`.`media` (`id`, `type`, `title`, `release_date`, `nationality`, `synopsis`, `duration`, `average_duration`, `sessions_number`, `episodes_number`) VALUES (17, 'Serie', 'Peaky Blinders', '2013/09/12', 'Reino Unido', 'Una familia de gánsters asentada en Birmingham tras la Primera Guerra Mundial (1914-1918), dirige un local de apuestas hípicas. Las actividades del ambicioso jefe de la banda llaman la atención del Inspector jefe Chester Campbell, un detective de la Real Policía Irlandesa que es enviado desde Belfast para limpiar la ciudad y acabar con la banda.', 0, 60, 6, 36);
INSERT INTO `db_to_watch`.`media` (`id`, `type`, `title`, `release_date`, `nationality`, `synopsis`, `duration`, `average_duration`, `sessions_number`, `episodes_number`) VALUES (18, 'Serie', 'The Office', '2005/03/24', 'Estados Unidos', 'Corrosivo retrato de los miembros de una empresa. Versión americana de una popular serie británica de la BBC del mismo título.', 0, 24, 9, 188);
INSERT INTO `db_to_watch`.`media` (`id`, `type`, `title`, `release_date`, `nationality`, `synopsis`, `duration`, `average_duration`, `sessions_number`, `episodes_number`) VALUES (19, 'Film', 'Ciudad de Dios', '2003/01/31', 'Brasil', 'Basada en hechos reales, describe el mundo del crimen organizado en Cidade de Deus, un suburbio de Río de Janeiro, desde finales de los sesenta hasta principios de los ochenta, época durante la cual el tráfico de drogas y la violencia impusieron su ley en las favelas. A finales de los sesenta, Buscapé, un niño de 11 años tímido y sensible, observa a los niños duros de su barrio, sus robos, sus peleas, sus enfrentamientos diarios con la policía. Pero él sabe muy bien lo que quiere ser si consigue sobrevivir: fotógrafo. Dadinho, un niño de su edad que se traslada al barrio, sueña con ser el criminal más peligroso de Río de Janeiro y empieza su aprendizaje haciendo recados para los delincuentes locales. Admira a Cabeleira y su pandilla, que se dedican a atracar los camiones del gas. Un día Cabeleira le da a Dadinho la oportunidad de cometer su primer asesinato.', 130, 0, 0, 0);
INSERT INTO `db_to_watch`.`media` (`id`, `type`, `title`, `release_date`, `nationality`, `synopsis`, `duration`, `average_duration`, `sessions_number`, `episodes_number`) VALUES (20, 'Film', 'El Pianista', '2002/11/15', 'Reino Unido', 'Wladyslaw Szpilman, un brillante pianista polaco de origen judío, vive con su familia en el ghetto de Varsovia. Cuando, en 1939, los alemanes invaden Polonia, consigue evitar la deportación gracias a la ayuda de algunos amigos. Pero tendrá que vivir escondido y completamente aislado durante mucho tiempo, y para sobrevivir tendrá que afrontar constantes peligros.', 148, 0, 0, 0);
INSERT INTO `db_to_watch`.`media` (`id`, `type`, `title`, `release_date`, `nationality`, `synopsis`, `duration`, `average_duration`, `sessions_number`, `episodes_number`) VALUES (21, 'Film', 'Gran Torino', '2009/03/06', 'Estados Unidos', 'Walt Kowalski (Clint Eastwood), un veterano de la guerra de Corea (1950-1953), es un obrero jubilado del sector del automóvil que ha enviudado recientemente. Su máxima pasión es cuidar de su más preciado tesoro: un coche Gran Torino de 1972. Es un hombre inflexible y cascarrabias, al que le cuesta trabajo asimilar los cambios que se producen a su alrededor, especialmente la llegada de multitud de inmigrantes asiáticos a su barrio. Sin embargo, las circustancias harán que se vea obligado a replantearse sus ideas.', 119, 0, 0, 0);
INSERT INTO `db_to_watch`.`media` (`id`, `type`, `title`, `release_date`, `nationality`, `synopsis`, `duration`, `average_duration`, `sessions_number`, `episodes_number`) VALUES (22, 'Film', 'El Señor de los Anillos: El Retorno del Rey', '2003/12/17', 'Nueva Zelanda', 'Las fuerzas de Saruman han sido destruidas, y su fortaleza sitiada. Ha llegado el momento de decidir el destino de la Tierra Media, y, por primera vez, parece que hay una pequeña esperanza. El interés del señor oscuro Sauron se centra ahora en Gondor, el último reducto de los hombres, cuyo trono será reclamado por Aragorn. Sauron se dispone a lanzar un ataque decisivo contra Gondor. Mientras tanto, Frodo y Sam continuan su camino hacia Mordor, con la esperanza de llegar al Monte del Destino.', 201, 0, 0, 0);
INSERT INTO `db_to_watch`.`media` (`id`, `type`, `title`, `release_date`, `nationality`, `synopsis`, `duration`, `average_duration`, `sessions_number`, `episodes_number`) VALUES (23, 'Film', 'El caballero oscuro', '2008/08/13', 'Estados Unidos', 'Batman/Bruce Wayne (Christian Bale) regresa para continuar su guerra contra el crimen. Con la ayuda del teniente Jim Gordon (Gary Oldman) y del Fiscal del Distrito Harvey Dent (Aaron Eckhart), Batman se propone destruir el crimen organizado en la ciudad de Gotham. El triunvirato demuestra su eficacia, pero, de repente, aparece Joker (Heath Ledger), un nuevo criminal que desencadena el caos y tiene aterrados a los ciudadanos.', 152, 0, 0, 0);
INSERT INTO `db_to_watch`.`media` (`id`, `type`, `title`, `release_date`, `nationality`, `synopsis`, `duration`, `average_duration`, `sessions_number`, `episodes_number`) VALUES (24, 'Film', 'El secreto de sus ojos', '2009/09/25', 'Argentina', 'Benjamín Espósito es oficial de un Juzgado de Instrucción de Buenos Aires recién retirado. Obsesionado por un brutal asesinato ocurrido veinticinco años antes, en 1974, decide escribir una novela sobre el caso, del cual fue testigo y protagonista. Reviviendo el pasado, viene también a su memoria el recuerdo de una mujer, a quien ha amado en silencio durante todos esos años.', 129, 0, 0, 0);
INSERT INTO `db_to_watch`.`media` (`id`, `type`, `title`, `release_date`, `nationality`, `synopsis`, `duration`, `average_duration`, `sessions_number`, `episodes_number`) VALUES (25, 'Film', 'El viaje de Chihiro', '2002/10/25', 'Japón', 'Chihiro es una niña de diez años que viaja en coche con sus padres. Después de atravesar un túnel, llegan a un mundo fantástico, en el que no hay lugar para los seres humanos, sólo para los dioses de primera y segunda clase. Cuando descubre que sus padres han sido convertidos en cerdos, Chihiro se siente muy sola y asustada.', 124, 0, 0, 0);
INSERT INTO `db_to_watch`.`media` (`id`, `type`, `title`, `release_date`, `nationality`, `synopsis`, `duration`, `average_duration`, `sessions_number`, `episodes_number`) VALUES (26, 'Film', 'Million Dollar Baby', '2005/02/04', 'Estados Unidos', 'Después de haber entrenado y representado a los mejores púgiles, Frankie Dunn (Eastwood) regenta un gimnasio con la ayuda de Scrap (Freeman), un ex-boxeador que es además su único amigo. Frankie es un hombre solitario y adusto que se refugia desde hace años en la religión buscando una redención que no llega. Un día, entra en su gimnasio Maggie Fitzgerald (Swank), una voluntariosa chica que quiere boxear y que está dispuesta a luchar denodadamente para conseguirlo. Frankie la rechaza alegando que él no entrena chicas y que, además, es demasiado mayor. Pero Maggie no se rinde y se machaca cada día en el gimnasio, con el único apoyo de Scrap.', 132, 0, 0, 0);
INSERT INTO `db_to_watch`.`media` (`id`, `type`, `title`, `release_date`, `nationality`, `synopsis`, `duration`, `average_duration`, `sessions_number`, `episodes_number`) VALUES (27, 'Film', 'Intocable', '2012/03/09', 'Francia', 'Philippe, un aristócrata millonario que se ha quedado tetrapléjico a causa de un accidente de parapente, contrata como cuidador a domicilio a Driss, un inmigrante de un barrio marginal recién salido de la cárcel. Aunque, a primera vista, no parece la persona más indicada, los dos acaban logrando que convivan Vivaldi y Earth Wind and Fire, la elocuencia y la hilaridad, los trajes de etiqueta y el chándal. Dos mundos enfrentados que, poco a poco, congenian hasta forjar una amistad tan disparatada, divertida y sólida como inesperada, una relación única en su especie de la que saltan chispas.', 109, 0, 0, 0);
INSERT INTO `db_to_watch`.`media` (`id`, `type`, `title`, `release_date`, `nationality`, `synopsis`, `duration`, `average_duration`, `sessions_number`, `episodes_number`) VALUES (28, 'Film', 'Coco', '2017/11/22', 'Estados Unidos', 'Miguel es un joven con el sueño de convertirse en leyenda de la música a pesar de la prohibición de su familia. Su ídolo es Ernesto de la Cruz, el músico y cantante más famoso de México. La pasión de Miguel le llevará a adentrarse en la "Tierra de los Muertos", donde conocerá su verdadero legado familiar.', 109, 0, 0, 0);
INSERT INTO `db_to_watch`.`media` (`id`, `type`, `title`, `release_date`, `nationality`, `synopsis`, `duration`, `average_duration`, `sessions_number`, `episodes_number`) VALUES (29, 'Film', 'Joker', '2019/10/04', 'Estados Unidos', 'Arthur Fleck (Phoenix) vive en Gotham con su madre, y su única motivación en la vida es hacer reír a la gente. Actúa haciendo de payaso en pequeños trabajos, pero tiene problemas mentales que hacen que la gente le vea como un bicho raro. Su gran sueño es actuar como cómico delante del público, pero una serie de trágicos acontecimientos le hará ir incrementando su ira contra una sociedad que le ignora.', 121, 0, 0, 0);
INSERT INTO `db_to_watch`.`media` (`id`, `type`, `title`, `release_date`, `nationality`, `synopsis`, `duration`, `average_duration`, `sessions_number`, `episodes_number`) VALUES (30, 'Film', 'Origen', '2010/08/06', 'Estados Unidos', 'Dom Cobb (DiCaprio) es un experto en el arte de apropiarse, durante el sueño, de los secretos del subconsciente ajeno. La extraña habilidad de Cobb le ha convertido en un hombre muy cotizado en el mundo del espionaje, pero también lo ha condenado a ser un fugitivo y, por consiguiente, a renunciar a llevar una vida normal. Su única oportunidad para cambiar de vida será hacer exactamente lo contrario de lo que ha hecho siempre: la incepción, que consiste en implantar una idea en el subconsciente en lugar de sustraerla. Sin embargo, su plan se complica debido a la intervención de alguien que parece predecir cada uno de sus movimientos, alguien a quien sólo Cobb podrá descubrir.', 148, 0, 0, 0);

INSERT INTO `db_to_watch`.`media_premieres` (`premiere_id`, `media_type`, `media_title`, `release_date`) VALUES (1, 'Film', 'Fast & Furious X', '2023/05/19');
INSERT INTO `db_to_watch`.`media_premieres` (`premiere_id`, `media_type`, `media_title`, `release_date`) VALUES (2, 'Film', 'Love Life', '2023/05/19');
INSERT INTO `db_to_watch`.`media_premieres` (`premiere_id`, `media_type`, `media_title`, `release_date`) VALUES (3, 'Film', 'Sola', '2023/05/19');
INSERT INTO `db_to_watch`.`media_premieres` (`premiere_id`, `media_type`, `media_title`, `release_date`) VALUES (4, 'Film', 'Los Caballeros del Zodíaco', '2023/05/25');
INSERT INTO `db_to_watch`.`media_premieres` (`premiere_id`, `media_type`, `media_title`, `release_date`) VALUES (5, 'Film', 'La Sirenita', '2023/05/26');
INSERT INTO `db_to_watch`.`media_premieres` (`premiere_id`, `media_type`, `media_title`, `release_date`) VALUES (6, 'Film', 'Frida Khalo', '2023/05/29');
INSERT INTO `db_to_watch`.`media_premieres` (`premiere_id`, `media_type`, `media_title`, `release_date`) VALUES (7, 'Film', 'Spider Man: Cruzando el Multiverso', '2023/06/02');
INSERT INTO `db_to_watch`.`media_premieres` (`premiere_id`, `media_type`, `media_title`, `release_date`) VALUES (8, 'Film', 'Transformers: El despertar de las bestias', '2023/06/09');
INSERT INTO `db_to_watch`.`media_premieres` (`premiere_id`, `media_type`, `media_title`, `release_date`) VALUES (9, 'Film', 'Flash', '2023/06/16');
INSERT INTO `db_to_watch`.`media_premieres` (`premiere_id`, `media_type`, `media_title`, `release_date`) VALUES (10, 'Film', 'Indiana Jones y el dial del destino', '2023/06/28');

INSERT INTO `db_to_watch`.`streaming_platforms` (`platform_id`, `platform_name`) VALUES (1, 'Netflix');
INSERT INTO `db_to_watch`.`streaming_platforms` (`platform_id`, `platform_name`) VALUES (2, 'HBO Max');
INSERT INTO `db_to_watch`.`streaming_platforms` (`platform_id`, `platform_name`) VALUES (3, 'Prime Video');
INSERT INTO `db_to_watch`.`streaming_platforms` (`platform_id`, `platform_name`) VALUES (4, 'Disney+');

INSERT INTO `db_to_watch`.`watchlists` (`watchlist_id`, `name`, `active`, `user_id`) VALUES (1, 'Mi top de prueba', 1, 1);
INSERT INTO `db_to_watch`.`watchlists` (`watchlist_id`, `name`, `active`, `user_id`) VALUES (2, 'Mi top de prueba 2', 0, 1);

INSERT INTO `db_to_watch`.`watchlists_x_media` (`id`, `watchlist_id`, `media_id`, `orden`, `viewed`) VALUES (1, 1, 2, 1, 0);
INSERT INTO `db_to_watch`.`watchlists_x_media` (`id`, `watchlist_id`, `media_id`, `orden`, `viewed`) VALUES (2, 1, 13, 2, 1);
INSERT INTO `db_to_watch`.`watchlists_x_media` (`id`, `watchlist_id`, `media_id`, `orden`, `viewed`) VALUES (3, 1, 21, 3, 0);
INSERT INTO `db_to_watch`.`watchlists_x_media` (`id`, `watchlist_id`, `media_id`, `orden`, `viewed`) VALUES (4, 1, 10, 4, 1);
INSERT INTO `db_to_watch`.`watchlists_x_media` (`id`, `watchlist_id`, `media_id`, `orden`, `viewed`) VALUES (5, 1, 1, 5, 0);
INSERT INTO `db_to_watch`.`watchlists_x_media` (`id`, `watchlist_id`, `media_id`, `orden`, `viewed`) VALUES (6, 1, 7, 6, 1);
INSERT INTO `db_to_watch`.`watchlists_x_media` (`id`, `watchlist_id`, `media_id`, `orden`, `viewed`) VALUES (13, 1, 9, 7, 1);
INSERT INTO `db_to_watch`.`watchlists_x_media` (`id`, `watchlist_id`, `media_id`, `orden`, `viewed`) VALUES (14, 1, 11, 8, 1);
INSERT INTO `db_to_watch`.`watchlists_x_media` (`id`, `watchlist_id`, `media_id`, `orden`, `viewed`) VALUES (15, 1, 12, 9, 1);
INSERT INTO `db_to_watch`.`watchlists_x_media` (`id`, `watchlist_id`, `media_id`, `orden`, `viewed`) VALUES (16, 1, 19, 10, 0);
INSERT INTO `db_to_watch`.`watchlists_x_media` (`id`, `watchlist_id`, `media_id`, `orden`, `viewed`) VALUES (17, 1, 28, 11, 0);
INSERT INTO `db_to_watch`.`watchlists_x_media` (`id`, `watchlist_id`, `media_id`, `orden`, `viewed`) VALUES (18, 1, 29, 12, 0);

INSERT INTO `db_to_watch`.`watchlists_x_media` (`id`, `watchlist_id`, `media_id`, `orden`, `viewed`) VALUES (7, 2, 3, 5, 1);
INSERT INTO `db_to_watch`.`watchlists_x_media` (`id`, `watchlist_id`, `media_id`, `orden`, `viewed`) VALUES (8, 2, 4, 1, 0);
INSERT INTO `db_to_watch`.`watchlists_x_media` (`id`, `watchlist_id`, `media_id`, `orden`, `viewed`) VALUES (9, 2, 15, 2, 0);
INSERT INTO `db_to_watch`.`watchlists_x_media` (`id`, `watchlist_id`, `media_id`, `orden`, `viewed`) VALUES (10, 2, 23, 4, 1);
INSERT INTO `db_to_watch`.`watchlists_x_media` (`id`, `watchlist_id`, `media_id`, `orden`, `viewed`) VALUES (11,2, 24, 6, 1);
INSERT INTO `db_to_watch`.`watchlists_x_media` (`id`, `watchlist_id`, `media_id`, `orden`, `viewed`) VALUES (12, 2, 5, 3, 0);

INSERT INTO `db_to_watch`.`streaming_platforms_x_media` (`id`, `platform_id`, `media_id`, `url`) VALUES (1, 1, 1, 'https://www.netflix.com/es/title/70230640');
INSERT INTO `db_to_watch`.`streaming_platforms_x_media` (`id`, `platform_id`, `media_id`, `url`) VALUES (2, 2, 1, 'https://www.hbomax.com/es/es/feature/urn:hbo:feature:GYjOKBgPsgouhCwEAAAAG');
INSERT INTO `db_to_watch`.`streaming_platforms_x_media` (`id`, `platform_id`, `media_id`, `url`) VALUES (3, 4, 2, 'https://www.disneyplus.com/es-es/movies/titanic/1vXLGiOUqEP9?irclickid');
INSERT INTO `db_to_watch`.`streaming_platforms_x_media` (`id`, `platform_id`, `media_id`, `url`) VALUES (4, 4, 3, 'https://www.disneyplus.com/es-es/movies/avatar/2YOnkRN4LwZZ?irclickid');
INSERT INTO `db_to_watch`.`streaming_platforms_x_media` (`id`, `platform_id`, `media_id`, `url`) VALUES (5, 2, 4, 'https://www.hbomax.com/es/es/series/urn:hbo:series:GYsYeoAxKH8LCwgEAAAOR');
INSERT INTO `db_to_watch`.`streaming_platforms_x_media` (`id`, `platform_id`, `media_id`, `url`) VALUES (6, 3, 5, 'https://www.primevideo.com/detail/0TAPPIZDTWUZORUA92KX2Q54V2');
INSERT INTO `db_to_watch`.`streaming_platforms_x_media` (`id`, `platform_id`, `media_id`, `url`) VALUES (7, 2, 6, 'https://www.hbomax.com/es/es/series/urn:hbo:series:GYyofRQHeuJ6fiQEAAAEy');
INSERT INTO `db_to_watch`.`streaming_platforms_x_media` (`id`, `platform_id`, `media_id`, `url`) VALUES (8, 2, 7, 'https://www.hbomax.com/es/es/series/urn:hbo:series:GVU2gkAgT4oNJjhsJAUDk');
INSERT INTO `db_to_watch`.`streaming_platforms_x_media` (`id`, `platform_id`, `media_id`, `url`) VALUES (9, 1, 8, 'https://www.netflix.com/es/title/70143836');
INSERT INTO `db_to_watch`.`streaming_platforms_x_media` (`id`, `platform_id`, `media_id`, `url`) VALUES (10, 2, 9, 'https://www.hbomax.com/es/es/series/urn:hbo:series:GVU2cggagzYNJjhsJATwo');
INSERT INTO `db_to_watch`.`streaming_platforms_x_media` (`id`, `platform_id`, `media_id`, `url`) VALUES (11, 2, 10, 'https://www.hbomax.com/es/es/series/urn:hbo:series:GVU2b9AHpHo7DwvwIAT4i');
INSERT INTO `db_to_watch`.`streaming_platforms_x_media` (`id`, `platform_id`, `media_id`, `url`) VALUES (12, 2, 11, 'https://www.hbomax.com/es/es/series/urn:hbo:series:GXkRjxwjR68PDwwEAABKJ');
INSERT INTO `db_to_watch`.`streaming_platforms_x_media` (`id`, `platform_id`, `media_id`, `url`) VALUES (13, 1, 13, 'https://www.netflix.com/es/title/81435684');
INSERT INTO `db_to_watch`.`streaming_platforms_x_media` (`id`, `platform_id`, `media_id`, `url`) VALUES (14, 1, 14, 'https://www.netflix.com/es/title/70264888');
INSERT INTO `db_to_watch`.`streaming_platforms_x_media` (`id`, `platform_id`, `media_id`, `url`) VALUES (15, 2, 15, 'https://www.hbomax.com/es/es/series/urn:hbo:series:GXdbR_gOXWJuAuwEAACVH');
INSERT INTO `db_to_watch`.`streaming_platforms_x_media` (`id`, `platform_id`, `media_id`, `url`) VALUES (16, 3, 16, 'https://www.primevideo.com/detail/Death-Note/0O2U2JSR2WQ7DEL9QCCM5NEQKY');
INSERT INTO `db_to_watch`.`streaming_platforms_x_media` (`id`, `platform_id`, `media_id`, `url`) VALUES (17, 1, 17, 'https://www.netflix.com/es/title/80002479');
INSERT INTO `db_to_watch`.`streaming_platforms_x_media` (`id`, `platform_id`, `media_id`, `url`) VALUES (18, 3, 17, 'https://www.primevideo.com/detail/0LH1GR7Q9OQAW35T3R8JF0NMA0');
INSERT INTO `db_to_watch`.`streaming_platforms_x_media` (`id`, `platform_id`, `media_id`, `url`) VALUES (19, 1, 18, 'https://www.netflix.com/es/title/70136120');
INSERT INTO `db_to_watch`.`streaming_platforms_x_media` (`id`, `platform_id`, `media_id`, `url`) VALUES (20, 2, 18, 'https://www.hbomax.com/es/es/series/urn:hbo:series:GYRsKbA3gmIjDwgEAAAMH');
INSERT INTO `db_to_watch`.`streaming_platforms_x_media` (`id`, `platform_id`, `media_id`, `url`) VALUES (21, 3, 18, 'https://www.primevideo.com/detail/0SXJ8ZO8LXB9OUQIZLU6UO8M9Y');
INSERT INTO `db_to_watch`.`streaming_platforms_x_media` (`id`, `platform_id`, `media_id`, `url`) VALUES (22, 2, 19, 'https://www.hbomax.com/es/es/feature/urn:hbo:feature:GXx-AZgFKkkxbcwEAAAIy');
INSERT INTO `db_to_watch`.`streaming_platforms_x_media` (`id`, `platform_id`, `media_id`, `url`) VALUES (23, 3, 19, 'https://www.primevideo.com/detail/0IRE7J497YN1MEE728JYFV4QCN');
INSERT INTO `db_to_watch`.`streaming_platforms_x_media` (`id`, `platform_id`, `media_id`, `url`) VALUES (24, 3, 20, 'https://www.primevideo.com/detail/0QVR2BK23C8PMF9F80I90FS42B');
INSERT INTO `db_to_watch`.`streaming_platforms_x_media` (`id`, `platform_id`, `media_id`, `url`) VALUES (25, 4, 20, 'https://www.disneyplus.com/es-es/movies/el-pianista/1A6KiKVz8WAD?irclickid');
INSERT INTO `db_to_watch`.`streaming_platforms_x_media` (`id`, `platform_id`, `media_id`, `url`) VALUES (26, 2, 21, 'https://www.hbomax.com/es/es/feature/urn:hbo:feature:GXelcGQ2IX0ytlAEAAAep');
INSERT INTO `db_to_watch`.`streaming_platforms_x_media` (`id`, `platform_id`, `media_id`, `url`) VALUES (27, 2, 22, 'https://www.hbomax.com/es/es/feature/urn:hbo:feature:GXeF-mg4zu8PCwwEAADwj');
INSERT INTO `db_to_watch`.`streaming_platforms_x_media` (`id`, `platform_id`, `media_id`, `url`) VALUES (28, 3, 22, 'https://www.primevideo.com/detail/0NSGBFYAQDZQKEC8BBWKT8GILJ');
INSERT INTO `db_to_watch`.`streaming_platforms_x_media` (`id`, `platform_id`, `media_id`, `url`) VALUES (29, 2, 23, 'https://www.hbomax.com/es/es/feature/urn:hbo:feature:GXdkpqAvyDaXCPQEAADdn');
INSERT INTO `db_to_watch`.`streaming_platforms_x_media` (`id`, `platform_id`, `media_id`, `url`) VALUES (30, 2, 24, 'https://www.hbomax.com/es/es/feature/urn:hbo:feature:GYjIAeA6ampuqwwEAAAC0');
INSERT INTO `db_to_watch`.`streaming_platforms_x_media` (`id`, `platform_id`, `media_id`, `url`) VALUES (31, 3, 24, 'https://www.primevideo.com/detail/0M2EGBICI4NUF6DFTRX7XY3IMS');
INSERT INTO `db_to_watch`.`streaming_platforms_x_media` (`id`, `platform_id`, `media_id`, `url`) VALUES (32, 4, 24, 'https://www.disneyplus.com/es-es/movies/el-secreto-de-sus-ojos/5akQb0fYvVU8?irclickid');
INSERT INTO `db_to_watch`.`streaming_platforms_x_media` (`id`, `platform_id`, `media_id`, `url`) VALUES (33, 1, 25, 'https://www.netflix.com/es/title/60023642');
INSERT INTO `db_to_watch`.`streaming_platforms_x_media` (`id`, `platform_id`, `media_id`, `url`) VALUES (34, 3, 26, 'https://www.primevideo.com/detail/0R1D05DEMHF4Z60JYKW2AXCNGK');
INSERT INTO `db_to_watch`.`streaming_platforms_x_media` (`id`, `platform_id`, `media_id`, `url`) VALUES (35, 1, 27, 'https://www.netflix.com/es/title/70232180');
INSERT INTO `db_to_watch`.`streaming_platforms_x_media` (`id`, `platform_id`, `media_id`, `url`) VALUES (36, 2, 27, 'https://www.hbomax.com/es/es/feature/urn:hbo:feature:GYW8X9gHI74uqPgEAAAAC');
INSERT INTO `db_to_watch`.`streaming_platforms_x_media` (`id`, `platform_id`, `media_id`, `url`) VALUES (37, 3, 27, 'https://www.primevideo.com/detail/0TELX2YJYQRYHA4873X95ZHPP9');
INSERT INTO `db_to_watch`.`streaming_platforms_x_media` (`id`, `platform_id`, `media_id`, `url`) VALUES (38, 4, 28, 'https://www.disneyplus.com/es-es/movies/coco/db9orsI5O4gC?irclickid');
INSERT INTO `db_to_watch`.`streaming_platforms_x_media` (`id`, `platform_id`, `media_id`, `url`) VALUES (39, 1, 29, 'https://www.netflix.com/es/title/81092221');
INSERT INTO `db_to_watch`.`streaming_platforms_x_media` (`id`, `platform_id`, `media_id`, `url`) VALUES (40, 2, 29, 'https://www.hbomax.com/es/es/feature/urn:hbo:feature:GYGOrjQfhvKCWowEAAAAE');
INSERT INTO `db_to_watch`.`streaming_platforms_x_media` (`id`, `platform_id`, `media_id`, `url`) VALUES (41, 2, 30, 'https://www.hbomax.com/es/es/feature/urn:hbo:feature:GYDbfcQGssU-dEAEAAAAI');

INSERT INTO `db_to_watch`.`ratings_x_media` (`media_id`, `user_id`, `rating`, `rating_id`) VALUES (1, 1, 3, 1);
INSERT INTO `db_to_watch`.`ratings_x_media` (`media_id`, `user_id`, `rating`, `rating_id`) VALUES (1, 1, 2, 2);
INSERT INTO `db_to_watch`.`ratings_x_media` (`media_id`, `user_id`, `rating`, `rating_id`) VALUES (1, 1, 1, 3);
INSERT INTO `db_to_watch`.`ratings_x_media` (`media_id`, `user_id`, `rating`, `rating_id`) VALUES (1, 1, 5, 4);
INSERT INTO `db_to_watch`.`ratings_x_media` (`media_id`, `user_id`, `rating`, `rating_id`) VALUES (1, 1, 4, 5);

INSERT INTO `db_to_watch`.`users_logs` (`log_id`, `code`, `description`, `creation_date`, `user_id`) VALUES (1,'TW01','Se ha registrado el nuevo usuario @devs', sysdate(), 1);
COMMIT;